,VB,VBG,VBN,VBZ,VBD,NN,NNP,RB,RBR,RBS,JJ,JJR,JJS,DT,PRP,IN,MD,NNS,WRB,CC,WP,PDT
0,be,replying,been,is,were,ship,Capt,hotly,more,most,Trans-Atlantic,longer,calmest,The,they,of,will,accusations,When,and,who,such
1,handle,being,logged,has,had,captain,J.,not,less,,great,shorter,largest,some,him,for,would,complaints,How,but,What,all
2,sneak,bragging,directed,protests,turned,chief,D.,easily,better,,petty,higher,best,the,his,about,wo,passengers,how,But,what,
3,have,telling,told,wants,encountered,supervisor,Riley,just,earlier,,eccentric,lower,closest,a,himself,on,can,people,Why,or,whom,
4,sail,explaining,reprimanded,removes,straight,number,Mr.,about,harder,,pleased,more,highest,A,he,Of,should,diamonds,Where,And,,
5,gain,going,demoted,says,met,service,Joseph,so,,,first,younger,lest,An,them,by,ca,procedures,where,Yet,,
6,get,trying,apprehended,thinks,began,course,Morse,personally,,,international,worse,least,an,He,at,could,ships,when,burst,,
7,like,arguing,decided,does,struck,wealthy,Steamship,Unfortunately,,,sure,older,most,no,They,in,might,factors,why,Or,,
8,scoop,greeting,tried,follows,tied,enough,Company,too,,,safe,less,unrest,Both,their,from,'d,reaches,,neither,,
9,allow,arriving,thrown,'s,told,criticism,Paris,legally,,,famous,better,newest,all,you,overheard,may,visitors,,nor,,
10,accept,guiding,refused,drunk,was,company,New,Therefore,,,European,greater,youngest,This,I,while,must,papers,,&,,
11,guide,discussing,docked,takes,sat,outburst,York,finally,,,hesitant,earlier,oldest,each,His,So,Could,days,,,,
12,find,coming,admitted,listens,caught,mate,Captain,slightly,,,monetary,easier,nest,that,her,with,shall,waters,,,,
13,come,starving,instructed,feels,got,smuggler,Jones,as,,,other,wonder,,Those,it,before,'ll,acquaintances,,,,
14,retire,talking,boarded,gets,went,episode,U.S.S,soon,,,second,harder,,No,we,since,Will,voyages,,,,
15,know,double-parking,anguished,speaks,stayed,fortune,United,suddenly,,,late,happier,,this,It,into,,tourists,,,,
16,continue,smiling,tired,persists,made,steward,W.,even,,,due,,,these,We,because,,observers,,,,
17,sink,sitting,born,sits,felt,drunk,Matthews,n't,,,severe,,,another,my,as,,plans,,,,
18,make,overwhelming,bawled,runs,decided,bar,England,formally,,,large,,,These,your,On,,squeals,,,,
19,pay,remembering,asked,pulls,thought,investigation,America,probably,,,old,,,any,You,out,,buddies,,,,
20,care,watching,run,borrows,talked,book,Europe,early,,,lively,,,every,me,above,,customs,,,,
21,escape,killing,disowned,appears,did,innocence,Admiral,casually,,,past,,,both,our,until,,bananas,,,,
22,leave,plotting,cooked,looks,assumed,businessman,Scrowlsy,obviously,,,common,,,neither,she,that,,reasons,,,,
23,take,getting,allowed,regrets,reminisced,confidence,Gafoon,only,,,happy,,,Neither,us,except,,promenades,,,,
24,eat,easygoing,described,tells,brought,past,Smugs,always,,,close,,,Each,She,below,,years,,,,
25,do,skating,forced,visits,faded,safety,McKingle,now,,,coming,,,All,Her,during,,couples,,,,
26,help,Being,received,praises,walked,trip,Bones,far,,,sporadic,,,those,Their,back,,lovers,,,,
27,bring,thinking,moved,sees,wished,pianist,McKid,Only,,,unforeseen,,,That,itself,like,,fields,,,,
28,go,realizing,stopped,changes,set,passenger,Jack,endlessly,,,personal,,,,its,between,,piers,,,,
29,see,Hearing,known,desires,missed,interview,Arkansas,never,,,accidental,,,,themselves,without,,sights,,,,
30,feel,counting,seen,wishes,joined,reporter,No,very,,,capitalist,,,,herself,along,,friends,,,,
31,touch,majoring,found,admires,suspected,rival,Irma,immediately,,,good,,,,My,after,,times,,,,
32,keep,pretending,bundled,despises,placed,one,U.S.,Little,,,foolish,,,,'s,through,,things,,,,
33,suspect,tailing,concerned,divulges,bacteria,board,Charlie,well,,,full,,,,Our,over,,problems,,,,
34,think,exploring,left,clam,grew,bribe,Banana,Well,,,angry,,,,myself,down,,hers,,,,
35,spend,passing,frozen,leaves,became,man,Shop,ever,,,available,,,,,under,,questions,,,,
36,freeze,transferring,obligated,indicates,closed,uniform,Sunday,Just,,,young,,,,,Along,,boats,,,,
37,want,doing,reacquainted,works,died,boat,Seine,automatically,,,winter,,,,,As,,memories,,,,
38,run,isolating,relaxed,processes,said,pilot,John,back,,,wooden,,,,,Since,,walks,,,,
39,bear,repeating,pushed,faces,defected,harbor,Sam,away,,,immobile,,,,,so,,jumps,,,,
40,hear,working,detached,smiles,wanted,look,Martha,quickly,,,deserted,,,,,than,,banks,,,,
41,reappear,hoping,involved,asks,graduated,face,Richard,no,,,frozen,,,,,In,,fragments,,,,
42,look,looking,straightened,finishes,remained,hurricane,Cambridge,longer,,,empty,,,,,among,,bodies,,,,
43,jail,ravaging,happened,learns,breathed,sea,Mary,quite,,,dead,,,,,toward,,youths,,,,
44,carry,growing,caught,measures,resulted,sleep,Charles,really,,,last,,,,,although,,places,,,,
45,become,dying,sent,drops,worked,luxury,River,down,,,long,,,,,towards,,lives,,,,
46,join,standing,framed,depicts,returned,vessel,Mass,alone,,,general,,,,,against,,activities,,,,
47,love,magnifying,worried,makes,cherished,dock,Cuthbert,However,,,deep,,,,,By,,women,,,,
48,explain,conducting,Worried,calls,tossed,chance,Aldonza,once,,,psychological,,,,,aboard,,persons,,,,
49,lay,fulfilling,gone,falls,helped,conversation,Egyptology,there,,,next,,,,,upon,,results,,,,
50,pool,leaving,Engaged,goes,assisted,friendship,Hebrew,together,,,psychopathic,,,,,across,,scientists,,,,
51,use,waitressing,done,refuses,cared,experience,Coop,quietly,,,wrong,,,,,With,,feminists,,,,
52,develop,studying,talented,seems,hoped,behavior,Wursthaus,again,,,cheerful,,,,,though,,methods,,,,
53,offer,raising,come,occurs,chose,crowd,Brattle,Finally,,,glad,,,,,beneath,,resources,,,,
54,virus,performing,infected,pops,concerned,companion,Theatre,originally,,,snow,,,,,around,,answers,,,,
55,bury,teaching,baffled,puts,arrived,voyage,Boston,then,,,odd,,,,,if,,lists,,,,
56,poison,carrying,wiped,knows,consented,close,Mae,Actually,,,many,,,,,Within,,doctors,,,,
57,cause,questioning,conquered,enjoys,left,calamity,West,near,,,distant,,,,,behind,,masses,,,,
58,rise,bringing,educated,crashes,searched,bodyguard,Gov,much,,,murky,,,,,opposite,,Families,,,,
59,ask,boarding,buried,cocks,laughed,night,Smith,merely,,,enormous,,,,,off,,parents,,,,
60,grad,seeing,wanted,shakes,forgot,plot,FBI,right,,,polluted,,,,,If,,children,,,,
61,live,departing,married,watches,offered,capitalist,American,Thus,,,upset,,,,,beyond,,Doctors,,,,
62,receive,insisting,accepted,comes,smiled,regime,Communist,also,,,cool,,,,,admit,,laboratories,,,,
63,assist,asking,held,becomes,exchanged,flagship,Party,eventually,,,happy-go-lucky,,,,,Unless,,hands,,,,
64,succeed,embarking,contained,begins,planned,destroyer,Parker,So,,,probable,,,,,outside,,pockets,,,,
65,imagine,interesting,packed,happens,knew,collision,Sally,long,,,selfish,,,,,despite,,feelings,,,,
66,learn,reprimanding,died,plans,retreated,enemy,Let,totally,,,ex-boyfriend,,,,,whether,,examples,,,,
67,question,lacking,culminated,injects,continued,nothing,Shooney,though,,,much,,,,,bribes,,students,,,,
68,visit,attempting,treated,kills,sold,Gafoon,Father,agonizingly,,,scenic,,,,,Although,,convictions,,,,
69,pride,having,suspected,shows,picked,job,Whether,Still,,,nice,,,,,near,,opinions,,,,
70,locate,sailing,Encouraged,needs,finished,crew,Alice,already,,,drowned,,,,,For,,magna,,,,
71,check,complaining,wandered,arrives,put,knife,Person,actually,,,reckless,,,,,At,,attitudes,,,,
72,disembark,giving,Exasperated,realizes,found,cent,Slow,thus,,,pointless,,,,,onto,,expressions,,,,
73,explore,hardening,sought,resolves,watched,daughter,Washington,highly,,,potential,,,,,During,,smiles,,,,
74,return,humming,sailed,keeps,whipped,cellar,U.S,somewhat,,,actual,,,,,After,,chauvinists,,,,
75,stow,walking,arrived,stays,led,release,Woman,occasionally,,,active,,,,,Before,,studies,,,,
76,turn,flowing,desired,continues,seemed,musician,Marie,rarely,,,unaware,,,,,ago,,endeavors,,,,
77,give,saying,discovered,wins,overcharged,side-show,Lillsten,completely,,,own,,,,,beside,,months,,,,
78,face,consisting,disillusioned,lets,doubled,father,N.,Perhaps,,,beautiful,,,,,alongside,,hours,,,,
79,save,rushing,shaken,gives,read,officer,Y,else,,,calm,,,,,thru,,efforts,,,,
80,grant,portraying,destroyed,forgives,devised,suitcase,City,Not,,,brisk,,,,,argued,,Women,,,,
81,understand,imagining,shown,misses,came,bananas,Syracuse,home,,,only,,,,,within,,equals,,,,
82,wind,concentrating,reached,breaks,greeted,home,Y.,perhaps,,,saline,,,,,Despite,,drugs,,,,
83,avoid,remaining,accused,captures,proceeded,pet,Hard,rather,,,imminent,,,,,unlike,,terms,,,,
84,begin,becoming,handled,plays,gave,chimpanzee,Aunt,fairly,,,new,,,,,till,,rumors,,,,
85,Perchance,describing,advertised,requires,took,anything,Bertha,sincerely,,,text,,,,,,,resents,,,,
86,prevent,staring,underpaid,buys,performed,humane,Someone,deeply,,,liberated,,,,,,,others,,,,
87,work,sucking,supposed,lives,stood,president,Caesar,yet,,,well-known,,,,,,,decks,,,,
88,say,overlooking,given,likes,pipetted,line,Navy,still,,,such,,,,,,,records,,,,
89,resolve,waiting,gadded,sets,pictured,port,Naval,unfortunately,,,effective,,,,,,,miles,,,,
90,convince,knowing,quieted,ferry,asked,day,X,undoubtedly,,,convenient,,,,,,,directions,,,,
91,cheer,anticipating,distorted,contains,instructed,ticket,S.,naturally,,,fool-proof,,,,,,,Instructions,,,,
92,end,discovering,acquainted,tends,submitted,pier,Potter,therefore,,,1-,,,,,,,beliefs,,,,
93,walk,riding,drawn,suggests,followed,fine,Xis,severely,,,right,,,,,,,funnels,,,,
94,distinguish,thundering,taken,checks,started,husband,Queen,reluctantly,,,mysterious,,,,,,,factories,,,,
95,sit,worshipping,made,trusts,kept,wife,Greenwich,twice,,,short,,,,,,,men,,,,
96,tell,contemplating,dark,fears,studied,deal,Connecticut,broke,,,obituary,,,,,,,pasts,,,,
97,dream,formulating,wished,convinces,borrowed,love,Pright,illicitly,,,frightened,,,,,,,stories,,,,
98,stop,holding,protected,chats,married,woman,Class,reportedly,,,careful,,,,,,,circles,,,,
99,interpret,testing,interrupted,prides,occurred,edge,A,almost,,,necessary,,,,,,,calls,,,,
100,propose,challenging,contented,serves,docked,compulsion,B,nervously,,,hard,,,,,,,bastards,,,,
101,jump,making,eaten,likes/is,witnessed,though,Band,ago,,,panic,,,,,,,races,,,,
102,hold,plaguing,acknowledged,depends,fell,river,January,anyway,,,powerful,,,,,,,winds,,,,
103,prove,feeling,finished,hangs,crew,spring,Ah,recently,,,resistant,,,,,,,flakes,,,,
104,grab,spending,remained,decides,happened,life,Goodyear,however,,,infected,,,,,,,streets,,,,
105,recreate,debating,invented,worries,noticed,contentment,Kodak,here,,,whole,,,,,,,classes,,,,
106,kill,considering,crushed,writes,dropped,bench,Naomi,happily,,,all-powerful,,,,,,,conclusions,,,,
107,let,causing,mutilated,matters,lost,warm,Daniel,softly,,,all-destructive,,,,,,,attempts,,,,
108,confront,bawling,eased,prepares,tried,scene,Danny,Here,,,same,,,,,,,eyes,,,,
109,herself,stirring,failed,rationalizes,ballooned,water,London,practically,,,Russian,,,,,,,details,,,,
110,fight,figuring,occupied,reveals,sucked,beneath,Bridge,nearly,,,secret,,,,,,,beings,,,,
111,require,finding,fulfilled,disagrees,looked,ice,Frenchman,enough,,,independent,,,,,,,Hours,,,,
112,trust,smoking,chosen,agrees,realized,stone,Ms.,apprehensively,,,bitter,,,,,,,glances,,,,
113,concentrate,binding,cleared,Is,agreed,bridge,Gray,seriously,,,envious,,,,,,,tensions,,,,
114,possess,quibbling,approached,@,paled,talk,Switzerland,fuschia,,,well-rounded,,,,,,,arms,,,,
115,embark,spanning,blown,wonders,arched,awhile,Hmmm,closely,,,important,,,,,,,researchers,,,,
116,skipper,reflecting,gotten,meets,suggested,jail,Josephine,sisterly,,,repressed,,,,,,,partners,,,,
117,attract,employing,engaged,marries,saw,prison,Madame,slowly,,,perpetual,,,,,,,doubts,,,,
118,inspect,daydreaming,called,resents,ended,yesterday,Russian,surely,,,Other,,,,,,,tubes,,,,
119,win,taking,diagnosed,believes,called,apartment,Soviet,Instead,,,inappropriate,,,,,,,sisters,,,,
120,cross,beginning,informed,grows,climbed,way,Union,certainly,,,cum,,,,,,,chemists,,,,
121,try,blending,dwindled,gazes,meant,companionship,Spartacus,strictly,,,free,,,,,,,associations,,,,
122,rescue,impressing,caused,sunbathe,sighed,time,South,desperately,,,open,,,,,,,experiments,,,,
123,buy,fantasizing,disappeared,explains,resigned,Today,France,increasingly,,,lonely,,,,,,,horses,,,,
124,foment,engaging,reborn,fixes,surprised,walk,English,necessarily,,,facial,,,,,,,rings,,,,
125,dislike,showing,fixed,loves,slipped,opportunity,Channel,nevertheless,,,clear,,,,,,,noses,,,,
126,throw,leaning,discussed,tries,scolded,future,French,bodily,,,monotonous,,,,,,,hooves,,,,
127,embarrass,running,disappointed,sketches,announced,process,Board,up,,,total,,,,,,,motives,,,,
128,smile,supervising,needed,sounds,listened,murder,Quarantine,extremely,,,unacceptable,,,,,,,technicians,,,,
129,disobey,mixing,sat,acts,spotted,killer,Antarctica,inexpensively,,,proper,,,,,,,grimly,,,,
130,put,Nothing,dressed,observes,stopped,womanhater,Alaska,instead,,,high,,,,,,,happens,,,,
131,ship,wondering,seated,perverts,experienced,matter,Laurie,initially,,,fresh,,,,,,,lips,,,,
132,maneuver,curing,arrested,catches,uncovered,kind,Linda,lonely,,,clean,,,,,,,colleagues,,,,
133,store,noting,delighted,understands,trusted,person,Life,passively,,,academic,,,,,,,interests,,,,
134,send,Having,set,stops,spent,personality,Cal,around,,,financial,,,,,,,energies,,,,
135,mere,checking,placed,fires,weeded,fact,Revolution,especially,,,biological,,,,,,,predictions,,,,
136,patch,developing,equipped,contacts,mowed,something,St.,approximately,,,mere,,,,,,,improvements,,,,
137,discuss,leading,written,quits,raked,fall,Petersburg,inside,,,daily,,,,,,,ethics,,,,
138,yield,following,had,remains,aged,winter,Lenin,off,,,particular,,,,,,,bunches,,,,
139,survive,dictating,noted,settles,was/is,childhood,Moscow,exactly,,,tedious,,,,,,,adventures,,,,
140,proposition,completing,grasped,pursues,ran,recollection,KGB,critically,,,local,,,,,,,prices,,,,
141,wed,blocking,devoted,wanders,booked,laugh,Damocles,hopefully,,,forceful,,,,,,,vessels,,,,
142,seem,smuggling,recognized,offers,taught,town,Evel,Yet,,,uncertain,,,,,,,meals,,,,
143,fall,meeting,begun,sends,prepared,playground,Knieval,diabolically,,,anonymous,,,,,,,articles,,,,
144,collect,paying,fertilized,dies,appeared,city,Jean,maybe,,,several,,,,,,,disagrees,,,,
145,slide,demanding,wasted,remembers,rushed,move,Pierre,ahead,,,little,,,,,,,ranks,,,,
146,talk,designing,heated,,waited,girl,Au,apparently,,,uncooperative,,,,,,,crewmen,,,,
147,prepare,missing,met,,repressed,hand,Whereupon,satisfactorily,,,disappointed,,,,,,,regulations,,,,
148,show,planning,explained,,frustrated,relationship,Miss,bit,,,skeptical,,,,,,,climates,,,,
149,laugh,purchasing,suggested,,swung,light,Knowles,shortly,,,excellent,,,,,,,occasions,,,,
150,choke,parting,loaded,,loved,conflict,Mrs.,Ultimately,,,promising,,,,,,,differences,,,,
151,break,enjoying,released,,wrote,support,White,late,,,unable,,,,,,,foundations,,,,
152,stem,Talking,topped,,liked,creep,LaDean,unfinished,,,unfortunate,,,,,,,trend-setters,,,,
153,inoculate,awaiting,elected,,needed,side,Anna,Shortly,,,crazy,,,,,,,legislators,,,,
154,grow,concocting,occurred,,used,mind,Mme,underway,,,lunatic,,,,,,,rivers,,,,
155,inject,seeking,become,,,feeling,C.,Often,,,ten,,,,,,,families,,,,
156,lose,affecting,followed,,,animation,C,first,,,visited,,,,,,,alternatives,,,,
157,stand,analyzing,bitten,,,sincerity,Queeg,Now,,,curious,,,,,,,desires,,,,
158,watch,nearing,trapped,,,disinterest,Humphrey,partly,,,unhappy,,,,,,,paths,,,,
159,repeat,surviving,bored,,,bit,Bogart,hard,,,liberal,,,,,,,ideas,,,,
160,preform,staying,located,,,splash,George,Then,,,doubtful,,,,,,,tales,,,,
161,perform,traveling,fallen,,,seaweed,Stepford,Happily,,,political,,,,,,,abilities,,,,
162,occur,practicing,accomplished,,,tugboat,Wives,forward,,,bad,,,,,,,appeals,,,,
163,need,boring,stained,,,homey,Kenner,Eventually,,,poor,,,,,,,instincts,,,,
164,provide,falling,stolen,,,quaint,President,sternly,,,officious,,,,,,,heads,,,,
165,roll,convincing,annoyed,,,pollution,Lewis,yard,,,former,,,,,,,stays,,,,
166,wait,reaching,lost,,,year,Zelda,Sometimes,,,unique,,,,,,,rights,,,,
167,arrive,living,put,,,regatta,M.I.T,close,,,patient,,,,,,,millions,,,,
168,iron,adjusting,pleased,,,university,Stephen,Almost,,,impatient,,,,,,,X,,,,
169,change,learning,planned,,,get,Sarah,fast,,,commercial,,,,,,,Afterwards,,,,
170,reassess,feeding,removed,,,occasion,Curie,hardly,,,present,,,,,,,germs,,,,
171,start,investigating,distracted,,,film,Blavatsky,As,,,polish,,,,,,,contents,,,,
172,produce,using,designed,,,festival,Gwen,Too,,,nation-wide,,,,,,,shows,,,,
173,microwave,pouring,rejected,,,midst,Gail,Even,,,reasonable,,,,,,,spills,,,,
174,wish,moving,grown,,,battle,Wayne,pretty,,,possible,,,,,,,fingers,,,,
175,remember,approaching,settled,,,agent,Sheila,apart,,,shoe,,,,,,,breaks,,,,
176,reject,answering,talked,,,member,Jane,Maybe,,,clerical,,,,,,,pieces,,,,
177,move,playing,managed,,,party,Harry,often,,,mad,,,,,,,runs,,,,
178,relax,drafting,walked,,,brother,Mickey,Together,,,stubborn,,,,,,,solutions,,,,
179,enjoy,pushing,surprised,,,labor,Egypt,carefully,,,obstinate,,,,,,,rounds,,,,
180,test,Pushing,expected,,,activist,U.S.A,possibly,,,connectionless,,,,,,,measurements,,,,
181,volunteer,pedaling,realized,,,government,Atlantis,anywhere,,,aware,,,,,,,graphics,,,,
182,alleviate,shivering,tenured,,,work,Meg,Recently,,,fictitious,,,,,,,tones,,,,
183,forget,handling,identified,,,espionage,Dad,relaxed,,,immaterial,,,,,,,precipitates,,,,
184,catch,dealing,dedicated,,,bug,California,methodically,,,big,,,,,,,watches,,,,
185,miss,healing,checked,,,college,Big,amicably,,,far-away,,,,,,,conditions,,,,
186,place,Becoming,won,,,marriage,Sur,further,,,exotic,,,,,,,proportions,,,,
187,stay,training,tempted,,,away,Sly,perfectly,,,solid,,,,,,,babies,,,,
188,own,flying,rewarded,,,schoolwork,Rancraft,rapidly,,,sweep,,,,,,,hinges,,,,
189,train,soaring,attached,,,sure,India,pleasantly,,,girl,,,,,,,subjects,,,,
190,lead,pulling,afraid,,,air,Police,Meanwhile,,,cold,,,,,,,materials,,,,
191,persuade,interviewing,practiced,,,world,Haver,smoothly,,,solitary,,,,,,,steps,,,,
192,appear,receiving,preferred,,,sight,Vineward,sometimes,,,ordinary,,,,,,,commands,,,,
193,ride,strolling,spirited,,,laboratory,Vineyard,better,,,real,,,,,,,mistakes,,,,
194,adapt,presenting,cut,,,science,Haven,relatively,,,pertinent,,,,,,,owners,,,,
195,pick,breaking,spoken,,,solution,Labor,silly,,,afraid,,,,,,,expectations,,,,
196,protest,calling,excited,,,stock,Day,professionally,,,blustery,,,,,,,bearings,,,,
197,emphasize,keeping,entered,,,doubt,Falmouth,intently,,,constitutional,,,,,,,ways,,,,
198,unload,sliding,granted,,,research,Maine,strongly,,,fair,,,,,,,items,,,,
199,marry,photographing,worked,,,importance,P.M.,grimly,,,excess,,,,,,,priorities,,,,
200,wander,vacationing,lived,,,groundwork,Mayor,particularly,,,ah,,,,,,,concerns,,,,
201,reflect,outing,phoned,,,breakthrough,Tisbury,before,,,strange,,,,,,,products,,,,
202,redo,pointing,broken,,,virus,Museum,outside,,,usual,,,,,,,toys,,,,
203,believe,flowering,liked,,,experiment,Old,awkwardly,,,quiet,,,,,,,models,,,,
204,mention,blooming,respected,,,concentration,Prince,nonetheless,,,routine,,,,,,,fails,,,,
205,pack,embezzling,covered,,,movement,God,bald,,,rare,,,,,,,suffers,,,,
206,sell,adding,hired,,,field,Laurel,usually,,,friendly,,,,,,,thoughts,,,,
207,soothe,devastating,sacrificed,,,birth,Bald,all,,,further,,,,,,,waits,,,,
208,Let,listening,scrimped,,,control,Gladys,Very,,,impersonal,,,,,,,wishes,,,,
209,rob,speaking,advised,,,knowledge,Victor,forever,,,self-possessed,,,,,,,responsibilities,,,,
210,Remember,splitting,entitled,,,contraceptive,Fartheum,financially,,,distasteful,,,,,,,jobs,,,,
211,snuck,reporting,published,,,form,Scott,gradually,,,sad,,,,,,,tickets,,,,
212,assign,acting,spotted,,,project,Michelle,along,,,harsh,,,,,,,advances,,,,
213,science,testifying,ended,,,formula,Pennsylvania,sometime,,,unexplainable,,,,,,,hearts,,,,
214,enable,dating,adjusted,,,disease,Remember,couple-probably,,,inner,,,,,,,doors,,,,
215,cure,marketing,weathered,,,land,Vermont,essentially,,,understanding,,,,,,,hassles,,,,
216,finish,sharing,heard,,,breath,Costa,equally,,,unsuspecting,,,,,,,employees,,,,
217,decide,helping,suggest,,,cure,Brava,closer,,,Funny,,,,,,,specimens,,,,
218,encounter,cooperating,nested,,,isolation,Row,considerably,,,content,,,,,,,remedies,,,,
219,fit,raking,embezzled,,,patience,Helene,inadvertently,,,ready,,,,,,,performers,,,,
220,terra,starting,used,,,rest,Friday,greatly,,,small,,,,,,,shots,,,,
221,somehow,putting,ignored,,,dying,Carol,forth,,,few,,,,,,,upstairs,,,,
222,swallow,wanting,read,,,spread,December,regularly,,,excited,,,,,,,acrobatics,,,,
223,worry,resisting,persisted,,,infection,Ted,Totally,,,dark,,,,,,,skills,,,,
224,separate,Cooperating,stood,,,treatment,Chrono,anymore,,,green,,,,,,,requirements,,,,
225,drag,cleaning,conveyed,,,hope,Chris,,,,OK,,,,,,,fairgrounds,,,,
226,force,balding,convicted,,,desperation,Lisa,,,,quick,,,,,,,acrobats,,,,
227,resign,leaking,learned,,,end,Thistle,,,,ill,,,,,,,gymnastics,,,,
228,next,chasing,mowed,,,germ,Gus,,,,poisonous,,,,,,,newcomers,,,,
229,call,opening,trimmed,,,lab,Oh,,,,private,,,,,,,stallions,,,,
230,colleague,loving,argued,,,scientist,Freeholder,,,,trained,,,,,,,flowers,,,,
231,expect,building,prevailed,,,spy,Director,,,,medical,,,,,,,hopes,,,,
232,contribute,changing,detained,,,substance,Welfare,,,,unknown,,,,,,,talents,,,,
233,complete,facing,feared,,,supply,Beth,,,,synthetic,,,,,,,movies,,,,
234,reach,ending,hidden,,,chaos,Management,,,,helpful,,,,,,,stables,,,,
235,stave,beaming,torn,,,situation,Susan,,,,compatible,,,,,,,feels,,,,
236,manage,searching,emerged,,,takeover,Tait,,,,possessive,,,,,,,politics,,,,
237,realize,stopping,established,,,intelligent,Jason,,,,non-toxic,,,,,,,complexities,,,,
238,hospital,replicating,waited,,,type,Robinson,,,,non-alcoholic,,,,,,,deduces,,,,
239,please,swing,Fred,,,left,NE,,,,dangerous,,,,,,,springs,,,,
240,got,stunning,struck,,,family,Husband-wife,,,,national,,,,,,,weeks,,,,
241,hatch,modelling,entranced,,,leader,Saturday,,,,white,,,,,,,suitcases,,,,
242,photograph,writing,paid,,,position,North,,,,imaginable,,,,,,,lines,,,,
243,adjourn,swinging,studied,,,right,Carolina,,,,senior,,,,,,,cars,,,,
244,Be,Spinning,saved,,,grudge,Adams,,,,reluctant,,,,,,,cops,,,,
245,regard,crashing,dreamed,,,finesse,March,,,,hard-earned,,,,,,,shirts,,,,
246,point,flirting,quit,,,lot,Perrin,,,,certain,,,,,,,shutters,,,,
247,testify,rehearsing,relented,,,bitterness,Nantucket,,,,crucial,,,,,,,sits,,,,
248,prevail,applauding,brought,,,case,May,,,,tense,,,,,,,situations,,,,
249,argue,rolling,killed,,,somebody,U.N.,,,,present-day,,,,,,,ones,,,,
250,support,hearing,Thrilled,,,share,El,,,,mutual,,,,,,,drawings,,,,
251,add,wandering,reunited,,,chemist,Salvador,,,,intent,,,,,,,specifications,,,,
252,speak,,tied,,,housewife,Jeanne,,,,Western,,,,,,,kids,,,,
253,quote,,driven,,,laude,Fitzpatrick,,,,normal,,,,,,,sales,,,,
254,negotiate,,completed,,,school,Baltic,,,,likely,,,,,,,baths,,,,
255,resist,,let,,,today,Kremlin,,,,everyday,,,,,,,sores,,,,
256,mind,,dropped,,,opposition,S,,,,unmarried-unattached,,,,,,,floors,,,,
257,convey,,endowed,,,ridicule,L,,,,unimportant,,,,,,,anchovies,,,,
258,seize,,,,,society,October,,,,similar,,,,,,,areas,,,,
259,deposit,,,,,dedication,Mum,,,,complete,,,,,,,benches,,,,
260,set,,,,,lack,GS,,,,interested,,,,,,,words,,,,
261,delay,,,,,ghetto,Gentle,,,,dire,,,,,,,distractions,,,,
262,cook,,,,,generosity,August,,,,able,,,,,,,birds,,,,
263,wash,,,,,aunt,Satisfied,,,,successful,,,,,,,holidays,,,,
264,Use,,,,,education,Luxury,,,,maiden,,,,,,,Things,,,,
265,design,,,,,scent,Cat,,,,proud,,,,,,,issues,,,,
266,school-college,,,,,success,China,,,,civilian,,,,,,,professors,,,,
267,build,,,,,goal,Seas,,,,beneficial,,,,,,,diseases,,,,
268,surprise,,,,,researcher,Falcon,,,,philosophical,,,,,,,dogs,,,,
269,picture,,,,,mom,Bill,,,,minor,,,,,,,ten,,,,
270,blackmail,,,,,cancer,Sydney,,,,irate,,,,,,,vials,,,,
271,threaten,,,,,absence,Kangaroo,,,,naval,,,,,,,individuals,,,,
272,dishonest,,,,,epitome,Lady,,,,desperate,,,,,,,feet,,,,
273,embezzle,,,,,picture,Nuclear,,,,sympathetic,,,,,,,fears,,,,
274,cover,,,,,point,Plant,,,,ocean,,,,,,,feats,,,,
275,meet,,,,,text,Janet,,,,outrageous,,,,,,,artists,,,,
276,happen,,,,,description,Fred,,,,admiral,,,,,,,hills,,,,
277,ear,,,,,liberation,Harvard,,,,expose,,,,,,,tours,,,,
278,sabotage,,,,,thing,Radcliffe,,,,unpleasant,,,,,,,rides,,,,
279,alter,,,,,country,Art,,,,navy,,,,,,,demonstrations,,,,
280,girl,,,,,influence,History,,,,unprintable,,,,,,,jaunts,,,,
281,feed,,,,,chore,MIT,,,,public,,,,,,,bushes,,,,
282,dampen,,,,,respect,Professor,,,,previous,,,,,,,meetings,,,,
283,play,,,,,police,AIDS,,,,self-satisfied,,,,,,,sides,,,,
284,hug,,,,,phone,Faye,,,,furious,,,,,,,duties,,,,
285,,,,,,call,Supple,,,,French,,,,,,,yes,,,,
286,,,,,,questioning,Budapest,,,,practical,,,,,,,Wants,,,,
287,,,,,,enmity,Kracow,,,,Japanese,,,,,,,sources,,,,
288,,,,,,son,Sofia,,,,Antarctic,,,,,,,excuses,,,,
289,,,,,,ensign,Tokaiazii,,,,expensive,,,,,,,bars,,,,
290,,,,,,show,Rochester,,,,realistic,,,,,,,bannisters,,,,
291,,,,,,business,Miami,,,,anxious,,,,,,,superiors,,,,
292,,,,,,career,Ireland,,,,unsafe,,,,,,,sniffles,,,,
293,,,,,,pride,Gentlemen,,,,constant,,,,,,,minutes,,,,
294,,,,,,skipper,Maharani,,,,low,,,,,,,affairs,,,,
295,,,,,,attitude,Northern,,,,hostile,,,,,,,pictures,,,,
296,,,,,,skepticism,Clydesdales,,,,inadequate,,,,,,,specimen,,,,
297,,,,,,friend,,,,,early,,,,,,,decoys,,,,
298,,,,,,purser,,,,,historical,,,,,,,acknowledgements,,,,
299,,,,,,advice,,,,,overwhelming,,,,,,,careers,,,,
300,,,,,,vain,,,,,blank,,,,,,,lens,,,,
301,,,,,,effort,,,,,married,,,,,,,eggs,,,,
302,,,,,,help,,,,,day-to-day,,,,,,,watchers,,,,
303,,,,,,acquaintance,,,,,along,,,,,,,companions,,,,
304,,,,,,faux,,,,,violent,,,,,,,grandkids,,,,
305,,,,,,pas,,,,,radical,,,,,,,dales,,,,
306,,,,,,fellow,,,,,revolutionary,,,,,,,reserves,,,,
307,,,,,,master,,,,,favorite,,,,,,,habitats,,,,
308,,,,,,wallet,,,,,peasant,,,,,,,retirees,,,,
309,,,,,,passport,,,,,proletarian,,,,,,,birders,,,,
310,,,,,,money,,,,,wintertime,,,,,,,attorneys,,,,
311,,,,,,shore,,,,,idealistic,,,,,,,lawyers,,,,
312,,,,,,tourist,,,,,live,,,,,,,projects,,,,
313,,,,,,tour,,,,,illegal,,,,,,,witnesses,,,,
314,,,,,,evening,,,,,massive,,,,,,,guys,,,,
315,,,,,,embark,,,,,mural,,,,,,,views,,,,
316,,,,,,exploration,,,,,hatchet-faced,,,,,,,points,,,,
317,,,,,,stowaway,,,,,confused,,,,,,,cover-ups,,,,
318,,,,,,gentleman,,,,,uneasy,,,,,,,priests,,,,
319,,,,,,fatherland,,,,,toboggan,,,,,,,group-representatives,,,,
320,,,,,,thinker,,,,,closed-circuit,,,,,,,countries,,,,
321,,,,,,courage,,,,,amazing,,,,,,,bounds,,,,
322,,,,,,fortitude,,,,,elementary,,,,,,,positions,,,,
323,,,,,,faith,,,,,perfect,,,,,,,newspapers,,,,
324,,,,,,system,,,,,nervous,,,,,,,reports,,,,
325,,,,,,owner,,,,,brilliant,,,,,,,deliberations,,,,
326,,,,,,background,,,,,unconquerable,,,,,,,measures,,,,
327,,,,,,condition,,,,,Little,,,,,,,negotiators,,,,
328,,,,,,negligence,,,,,moral,,,,,,,negotiations,,,,
329,,,,,,fault,,,,,Madame,,,,,,,principles,,,,
330,,,,,,part,,,,,advanced,,,,,,,tense,,,,
331,,,,,,planning,,,,,incomprehensible,,,,,,,transactions,,,,
332,,,,,,presence,,,,,simple,,,,,,,teenagers,,,,
333,,,,,,Nothing,,,,,gray,,,,,,,decisions,,,,
334,,,,,,discussion,,,,,overall,,,,,,,pursuits,,,,
335,,,,,,liner,,,,,stern,,,,,,,burdens,,,,
336,,,,,,salesman,,,,,qualified,,,,,,,sunglasses,,,,
337,,,,,,shoe,,,,,efficient,,,,,,,leaves,,,,
338,,,,,,magazine,,,,,scientific,,,,,,,adults,,,,
339,,,,,,patron,,,,,serious,,,,,,,chores,,,,
340,,,,,,polish,,,,,epidemic,,,,,,,clippings,,,,
341,,,,,,expense,,,,,test-tube,,,,,,,beds,,,,
342,,,,,,humiliation,,,,,worth,,,,,,,piles,,,,
343,,,,,,compensation,,,,,human,,,,,,,bags,,,,
344,,,,,,like,,,,,cruel,,,,,,,trees,,,,
345,,,,,,embarrassment,,,,,take,,,,,,,cuttings,,,,
346,,,,,,merchant,,,,,rational,,,,,,,ports,,,,
347,,,,,,argument,,,,,adversary,,,,,,,sails,,,,
348,,,,,,accommodation,,,,,broken,,,,,,,figurines,,,,
349,,,,,,passage,,,,,unusual,,,,,,,sweaters,,,,
350,,,,,,error,,,,,valid,,,,,,,loops,,,,
351,,,,,,mistake,,,,,eager,,,,,,,produces,,,,
352,,,,,,Class,,,,,watchful,,,,,,,rhinestones,,,,
353,,,,,,cabin,,,,,experiment,,,,,,,knitting-needles,,,,
354,,,,,,lying,,,,,jealous,,,,,,,weights,,,,
355,,,,,,eventless,,,,,picky,,,,,,,homes,,,,
356,,,,,,everything,,,,,ball,,,,,,,clients,,,,
357,,,,,,specialty,,,,,blatant,,,,,,,buildings,,,,
358,,,,,,trail,,,,,sexual,,,,,,,complexes,,,,
359,,,,,,morning,,,,,separate,,,,,,,People,,,,
360,,,,,,crack,,,,,slow,,,,,,,townsmen,,,,
361,,,,,,corner,,,,,modular,,,,,,,exclaims,,,,
362,,,,,,sit,,,,,entire,,,,,,,kiddies,,,,
363,,,,,,issue,,,,,nuclear,,,,,,,suspects,,,,
364,,,,,,parting,,,,,enough,,,,,,,thinks,,,,
365,,,,,,johns,,,,,lucky,,,,,,,goals,,,,
366,,,,,,freezing,,,,,innocent,,,,,,,dreams,,,,
367,,,,,,corn,,,,,unconvinced,,,,,,,tears,,,,
368,,,,,,blimp,,,,,oblivious,,,,,,,brains,,,,
369,,,,,,head,,,,,infectious,,,,,,,accomplishments,,,,
370,,,,,,humming,,,,,fatal,,,,,,,chemicals,,,,
371,,,,,,youth,,,,,significant,,,,,,,breaths,,,,
372,,,,,,weight,,,,,strong,,,,,,,wars,,,,
373,,,,,,disappointment,,,,,light,,,,,,,cells,,,,
374,,,,,,door,,,,,easy,,,,,,,roots,,,,
375,,,,,,neighbor,,,,,positive,,,,,,,spinners,,,,
376,,,,,,dog,,,,,bashful,,,,,,,trapezes,,,,
377,,,,,,manure,,,,,assistant,,,,,,,poles,,,,
378,,,,,,vision,,,,,female,,,,,,,comrades,,,,
379,,,,,,afternoon,,,,,intense,,,,,,,Cokes,,,,
380,,,,,,manner,,,,,unfaithful,,,,,,,towns,,,,
381,,,,,,couple,,,,,candid,,,,,,,guns,,,,
382,,,,,,guy,,,,,spacious,,,,,,,tanks,,,,
383,,,,,,firm,,,,,stimulating,,,,,,,ties,,,,
384,,,,,,persuasion,,,,,triple,,,,,,,heels,,,,
385,,,,,,earnestness,,,,,acrobatic,,,,,,,onions,,,,
386,,,,,,jacket,,,,,disastrous,,,,,,,chairs,,,,
387,,,,,,flapping,,,,,strenuous,,,,,,,broken,,,,
388,,,,,,beach,,,,,physical,,,,,,,facts,,,,
389,,,,,,bent,,,,,stable,,,,,,,spirits,,,,
390,,,,,,distress,,,,,Arabian,,,,,,,animals,,,,
391,,,,,,arm,,,,,huge,,,,,,,wildflowers,,,,
392,,,,,,technician,,,,,dear,,,,,,,travels,,,,
393,,,,,,chemical,,,,,unconscious,,,,,,,servants,,,,
394,,,,,,image,,,,,hidden,,,,,,,amenities,,,,
395,,,,,,grey,,,,,twenty,,,,,,,powers,,,,
396,,,,,,snow,,,,,fine,,,,,,,pickers,,,,
397,,,,,,room,,,,,farming,,,,,,,Fathers,,,,
398,,,,,,order,,,,,English,,,,,,,,,,,
399,,,,,,Winter,,,,,nearby,,,,,,,,,,,
400,,,,,,coldness,,,,,comfortable,,,,,,,,,,,
401,,,,,,warmth,,,,,scared,,,,,,,,,,,
402,,,,,,beauty,,,,,Indian,,,,,,,,,,,
403,,,,,,Anyone,,,,,police,,,,,,,,,,,
404,,,,,,shone,,,,,detective,,,,,,,,,,,
405,,,,,,security,,,,,red-handed,,,,,,,,,,,
406,,,,,,war,,,,,enjoyable,,,,,,,,,,,
407,,,,,,beginning,,,,,losing,,,,,,,,,,,
408,,,,,,plan,,,,,rich,,,,,,,,,,,
409,,,,,,sister,,,,,attractive,,,,,,,,,,,
410,,,,,,foolishness,,,,,guy,,,,,,,,,,,
411,,,,,,breather,,,,,self,,,,,,,,,,,
412,,,,,,passerby,,,,,spent,,,,,,,,,,,
413,,,,,,affair,,,,,co-op,,,,,,,,,,,
414,,,,,,boy,,,,,tough,,,,,,,,,,,
415,,,,,,coffee,,,,,different,,,,,,,,,,,
416,,,,,,cafe,,,,,oatmeal,,,,,,,,,,,
417,,,,,,breakfast,,,,,yellow,,,,,,,,,,,
418,,,,,,sitting,,,,,single,,,,,,,,,,,
419,,,,,,silence,,,,,special,,,,,,,,,,,
420,,,,,,question,,,,,mid-week,,,,,,,,,,,
421,,,,,,agree,,,,,sunny,,,,,,,,,,,
422,,,,,,chemistry,,,,,reminded,,,,,,,,,,,
423,,,,,,complex,,,,,fun,,,,,,,,,,,
424,,,,,,climax,,,,,outside,,,,,,,,,,,
425,,,,,,discovery,,,,,lovely,,,,,,,,,,,
426,,,,,,composure,,,,,warm,,,,,,,,,,,
427,,,,,,anyone,,,,,exciting,,,,,,,,,,,
428,,,,,,associate,,,,,love,,,,,,,,,,,
429,,,,,,culture,,,,,dreary,,,,,,,,,,,
430,,,,,,test,,,,,biomedical,,,,,,,,,,,
431,,,,,,tube,,,,,reflective,,,,,,,,,,,
432,,,,,,valid,,,,,umpteenth,,,,,,,,,,,
433,,,,,,Think,,,,,encouraging,,,,,,,,,,,
434,,,,,,credit,,,,,polite,,,,,,,,,,,
435,,,,,,desire,,,,,circus,,,,,,,,,,,
436,,,,,,answer,,,,,trapeze,,,,,,,,,,,
437,,,,,,liquid,,,,,top,,,,,,,,,,,
438,,,,,,assistant,,,,,confident,,,,,,,,,,,
439,,,,,,Everything,,,,,unstable,,,,,,,,,,,
440,,,,,,tension,,,,,standard,,,,,,,,,,,
441,,,,,,child,,,,,professional,,,,,,,,,,,
442,,,,,,composition,,,,,creative,,,,,,,,,,,
443,,,,,,hitherto,,,,,showy,,,,,,,,,,,
444,,,,,,watching,,,,,wonderful,,,,,,,,,,,
445,,,,,,bazooka,,,,,reliable,,,,,,,,,,,
446,,,,,,pocket,,,,,pregnant,,,,,,,,,,,
447,,,,,,glory,,,,,marital,,,,,,,,,,,
448,,,,,,mine,,,,,needed,,,,,,,,,,,
449,,,,,,Madame,,,,,difficult,,,,,,,,,,,
450,,,,,,food,,,,,tired,,,,,,,,,,,
451,,,,,,dye,,,,,dependable,,,,,,,,,,,
452,,,,,,health,,,,,thru,,,,,,,,,,,
453,,,,,,moment,,,,,honest,,,,,,,,,,,
454,,,,,,guard,,,,,rolling,,,,,,,,,,,
455,,,,,,lieutenant,,,,,radio,,,,,,,,,,,
456,,,,,,charge,,,,,various,,,,,,,,,,,
457,,,,,,fianc√©e,,,,,competent,,,,,,,,,,,
458,,,,,,repair,,,,,well-regarded,,,,,,,,,,,
459,,,,,,student,,,,,humorous,,,,,,,,,,,
460,,,,,,mentor,,,,,reticent,,,,,,,,,,,
461,,,,,,indication,,,,,surprised,,,,,,,,,,,
462,,,,,,colleague,,,,,uncomfortable,,,,,,,,,,,
463,,,,,,interest,,,,,responsible,,,,,,,,,,,
464,,,,,,pupil,,,,,loyal,,,,,,,,,,,
465,,,,,,tacit,,,,,hassled,,,,,,,,,,,
466,,,,,,facility,,,,,unmarried,,,,,,,,,,,
467,,,,,,reconsideration,,,,,worried,,,,,,,,,,,
468,,,,,,necessity,,,,,negligent,,,,,,,,,,,
469,,,,,,fight,,,,,fast,,,,,,,,,,,
470,,,,,,elder,,,,,brief,,,,,,,,,,,
471,,,,,,Perchance,,,,,busy,,,,,,,,,,,
472,,,,,,anticipation,,,,,sick,,,,,,,,,,,
473,,,,,,study,,,,,secluded,,,,,,,,,,,
474,,,,,,lady,,,,,faithful,,,,,,,,,,,
475,,,,,,drop,,,,,high-prestige,,,,,,,,,,,
476,,,,,,pipette,,,,,birdwatchers/,,,,,,,,,,,
477,,,,,,gaze,,,,,interesting,,,,,,,,,,,
478,,,,,,profession,,,,,middle-aged,,,,,,,,,,,
479,,,,,,expectancy,,,,,photographing,,,,,,,,,,,
480,,,,,,male,,,,,tall,,,,,,,,,,,
481,,,,,,routine,,,,,avid,,,,,,,,,,,
482,,,,,,characteristic,,,,,Free,,,,,,,,,,,
483,,,,,,difference,,,,,gentian,,,,,,,,,,,
484,,,,,,foreground,,,,,keen,,,,,,,,,,,
485,,,,,,claim,,,,,wild,,,,,,,,,,,
486,,,,,,co-worker,,,,,back-seat,,,,,,,,,,,
487,,,,,,tubes,,,,,hot,,,,,,,,,,,
488,,,,,,biochemist,,,,,prominent,,,,,,,,,,,
489,,,,,,professor,,,,,guilty,,,,,,,,,,,
490,,,,,,failure,,,,,American,,,,,,,,,,,
491,,,,,,brink,,,,,terrific,,,,,,,,,,,
492,,,,,,graduate,,,,,high-powered,,,,,,,,,,,
493,,,,,,ocean,,,,,governmental,,,,,,,,,,,
494,,,,,,attention,,,,,bright,,,,,,,,,,,
495,,,,,,honor,,,,,vast,,,,,,,,,,,
496,,,,,,freighter,,,,,annoyed,,,,,,,,,,,
497,,,,,,civilian,,,,,social,,,,,,,,,,,
498,,,,,,shipping,,,,,natural,,,,,,,,,,,
499,,,,,,design,,,,,central,,,,,,,,,,,
500,,,,,,official,,,,,prepared,,,,,,,,,,,
501,,,,,,prototype,,,,,diplomatic,,,,,,,,,,,
502,,,,,,controversy,,,,,economic,,,,,,,,,,,
503,,,,,,director,,,,,military,,,,,,,,,,,
504,,,,,,threat,,,,,Soviet,,,,,,,,,,,
505,,,,,,tarantulas,,,,,foreign,,,,,,,,,,,
506,,,,,,cargo,,,,,third,,,,,,,,,,,
507,,,,,,wartime,,,,,false,,,,,,,,,,,
508,,,,,,responsibility,,,,,senate,,,,,,,,,,,
509,,,,,,underground,,,,,numerous,,,,,,,,,,,
510,,,,,,whatever,,,,,fraudulent,,,,,,,,,,,
511,,,,,,trouble,,,,,optimistic,,,,,,,,,,,
512,,,,,,skeleton,,,,,capable,,,,,,,,,,,
513,,,,,,closet,,,,,contemplative,,,,,,,,,,,
514,,,,,,disgrace,,,,,sweet,,,,,,,,,,,
515,,,,,,whistle,,,,,yard,,,,,,,,,,,
516,,,,,,ashore,,,,,casual,,,,,,,,,,,
517,,,,,,post,,,,,material,,,,,,,,,,,
518,,,,,,goodbye,,,,,Many,,,,,,,,,,,
519,,,,,,word,,,,,major,,,,,,,,,,,
520,,,,,,client,,,,,High,,,,,,,,,,,
521,,,,,,representative,,,,,funny,,,,,,,,,,,
522,,,,,,doctor,,,,,alive,,,,,,,,,,,
523,,,,,,stateroom,,,,,transient,,,,,,,,,,,
524,,,,,,pain,,,,,true,,,,,,,,,,,
525,,,,,,plague,,,,,hair,,,,,,,,,,,
526,,,,,,grain,,,,,fifteen,,,,,,,,,,,
527,,,,,,storage,,,,,upcoming,,,,,,,,,,,
528,,,,,,super-tanker,,,,,arrive,,,,,,,,,,,
529,,,,,,undertaking,,,,,Serious,,,,,,,,,,,
530,,,,,,effect,,,,,definite,,,,,,,,,,,
531,,,,,,rate,,,,,antique,,,,,,,,,,,
532,,,,,,fire,,,,,Maltese,,,,,,,,,,,
533,,,,,,inspector,,,,,undercover,,,,,,,,,,,
534,,,,,,bed,,,,,listen,,,,,,,,,,,
535,,,,,,divorce,,,,,cashmere,,,,,,,,,,,
536,,,,,,source,,,,,wide,,,,,,,,,,,
537,,,,,,pay,,,,,architectural,,,,,,,,,,,
538,,,,,,training,,,,,industrial,,,,,,,,,,,
539,,,,,,bank,,,,,townspeople,,,,,,,,,,,
540,,,,,,landmark,,,,,fellow,,,,,,,,,,,
541,,,,,,nation,,,,,torturous,,,,,,,,,,,
542,,,,,,implication,,,,,torn,,,,,,,,,,,
543,,,,,,heritage,,,,,cynical,,,,,,,,,,,
544,,,,,,generation,,,,,smarmy,,,,,,,,,,,
545,,,,,,idea,,,,,lunch,,,,,,,,,,,
546,,,,,,group,,,,,immediate,,,,,,,,,,,
547,,,,,,promise,,,,,related,,,,,,,,,,,
548,,,,,,place,,,,,fearful,,,,,,,,,,,
549,,,,,,slate,,,,,questionable,,,,,,,,,,,
550,,,,,,dirt,,,,,acceptable,,,,,,,,,,,
551,,,,,,icy,,,,,stuffy,,,,,,,,,,,
552,,,,,,weather,,,,,blue-blood,,,,,,,,,,,
553,,,,,,problem,,,,,snotty,,,,,,,,,,,
554,,,,,,Shall,,,,,attracted,,,,,,,,,,,
555,,,,,,suggestion,,,,,impressed,,,,,,,,,,,
556,,,,,,wait,,,,,autocratic,,,,,,,,,,,
557,,,,,,grind,,,,,shy,,,,,,,,,,,
558,,,,,,painter,,,,,unassertive,,,,,,,,,,,
559,,,,,,stuff,,,,,productive,,,,,,,,,,,
560,,,,,,park,,,,,deadly,,,,,,,,,,,
561,,,,,,gore,,,,,Nobel-prize,,,,,,,,,,,
562,,,,,,dress,,,,,less-talented,,,,,,,,,,,
563,,,,,,tundra,,,,,adolescent,,,,,,,,,,,
564,,,,,,happiness,,,,,staggering,,,,,,,,,,,
565,,,,,,wealth,,,,,unjust,,,,,,,,,,,
566,,,,,,store,,,,,modern,,,,,,,,,,,
567,,,,,,hanging,,,,,sixteen,,,,,,,,,,,
568,,,,,,sword,,,,,useless,,,,,,,,,,,
569,,,,,,prisoner,,,,,unsure,,,,,,,,,,,
570,,,,,,character,,,,,double,,,,,,,,,,,
571,,,,,,top,,,,,shelling,,,,,,,,,,,
572,,,,,,fearlessness,,,,,shallow,,,,,,,,,,,
573,,,,,,turn,,,,,upward,,,,,,,,,,,
574,,,,,,canvas,,,,,cafe,,,,,,,,,,,
575,,,,,,wall,,,,,hopeful,,,,,,,,,,,
576,,,,,,manager,,,,,fulfilling,,,,,,,,,,,
577,,,,,,feat,,,,,hectic,,,,,,,,,,,
578,,,,,,spot,,,,,loose,,,,,,,,,,,
579,,,,,,jumping,,,,,17th,,,,,,,,,,,
580,,,,,,ramp,,,,,turn-of-the-century,,,,,,,,,,,
581,,,,,,landing,,,,,cultured,,,,,,,,,,,
582,,,,,,motorcycle,,,,,psychic,,,,,,,,,,,
583,,,,,,parachute,,,,,swell,,,,,,,,,,,
584,,,,,,TV,,,,,,,,,,,,,,,,
585,,,,,,event,,,,,,,,,,,,,,,,
586,,,,,,hour,,,,,,,,,,,,,,,,
587,,,,,,meeting,,,,,,,,,,,,,,,,
588,,,,,,contact,,,,,,,,,,,,,,,,
589,,,,,,departure,,,,,,,,,,,,,,,,
590,,,,,,revoir,,,,,,,,,,,,,,,,
591,,,,,,bon,,,,,,,,,,,,,,,,
592,,,,,,operation,,,,,,,,,,,,,,,,
593,,,,,,someone,,,,,,,,,,,,,,,,
594,,,,,,blood,,,,,,,,,,,,,,,,
595,,,,,,nurse,,,,,,,,,,,,,,,,
596,,,,,,sort,,,,,,,,,,,,,,,,
597,,,,,,view,,,,,,,,,,,,,,,,
598,,,,,,curiously,,,,,,,,,,,,,,,,
599,,,,,,angrier,,,,,,,,,,,,,,,,
600,,,,,,fright,,,,,,,,,,,,,,,,
601,,,,,,table,,,,,,,,,,,,,,,,
602,,,,,,demonstration,,,,,,,,,,,,,,,,
603,,,,,,class,,,,,,,,,,,,,,,,
604,,,,,,teacher,,,,,,,,,,,,,,,,
605,,,,,,ignorance,,,,,,,,,,,,,,,,
606,,,,,,subject,,,,,,,,,,,,,,,,
607,,,,,,sanatorium,,,,,,,,,,,,,,,,
608,,,,,,expert,,,,,,,,,,,,,,,,
609,,,,,,sample,,,,,,,,,,,,,,,,
610,,,,,,news,,,,,,,,,,,,,,,,
611,,,,,,history,,,,,,,,,,,,,,,,
612,,,,,,savior,,,,,,,,,,,,,,,,
613,,,,,,domain,,,,,,,,,,,,,,,,
614,,,,,,progress,,,,,,,,,,,,,,,,
615,,,,,,understanding,,,,,,,,,,,,,,,,
616,,,,,,concept,,,,,,,,,,,,,,,,
617,,,,,,lecture,,,,,,,,,,,,,,,,
618,,,,,,sense,,,,,,,,,,,,,,,,
619,,,,,,futility,,,,,,,,,,,,,,,,
620,,,,,,despair,,,,,,,,,,,,,,,,
621,,,,,,eerie,,,,,,,,,,,,,,,,
622,,,,,,fiction,,,,,,,,,,,,,,,,
623,,,,,,quality,,,,,,,,,,,,,,,,
624,,,,,,presentation,,,,,,,,,,,,,,,,
625,,,,,,involvement,,,,,,,,,,,,,,,,
626,,,,,,role,,,,,,,,,,,,,,,,
627,,,,,,coagulation,,,,,,,,,,,,,,,,
628,,,,,,task,,,,,,,,,,,,,,,,
629,,,,,,population,,,,,,,,,,,,,,,,
630,,,,,,hunger,,,,,,,,,,,,,,,,
631,,,,,,patient,,,,,,,,,,,,,,,,
632,,,,,,vaccine,,,,,,,,,,,,,,,,
633,,,,,,egg,,,,,,,,,,,,,,,,
634,,,,,,fraction,,,,,,,,,,,,,,,,
635,,,,,,serum,,,,,,,,,,,,,,,,
636,,,,,,intelligence,,,,,,,,,,,,,,,,
637,,,,,,ability,,,,,,,,,,,,,,,,
638,,,,,,inhumane,,,,,,,,,,,,,,,,
639,,,,,,thought,,,,,,,,,,,,,,,,
640,,,,,,stabs,,,,,,,,,,,,,,,,
641,,,,,,feel,,,,,,,,,,,,,,,,
642,,,,,,urgency,,,,,,,,,,,,,,,,
643,,,,,,commonplace,,,,,,,,,,,,,,,,
644,,,,,,tense,,,,,,,,,,,,,,,,
645,,,,,,eye,,,,,,,,,,,,,,,,
646,,,,,,envy,,,,,,,,,,,,,,,,
647,,,,,,correctly,,,,,,,,,,,,,,,,
648,,,,,,belonging,,,,,,,,,,,,,,,,
649,,,,,,cruise,,,,,,,,,,,,,,,,
650,,,,,,reputation,,,,,,,,,,,,,,,,
651,,,,,,competent,,,,,,,,,,,,,,,,
652,,,,,,office,,,,,,,,,,,,,,,,
653,,,,,,staff,,,,,,,,,,,,,,,,
654,,,,,,dexterity,,,,,,,,,,,,,,,,
655,,,,,,imagery,,,,,,,,,,,,,,,,
656,,,,,,bearing,,,,,,,,,,,,,,,,
657,,,,,,luggage,,,,,,,,,,,,,,,,
658,,,,,,frustration,,,,,,,,,,,,,,,,
659,,,,,,rank,,,,,,,,,,,,,,,,
660,,,,,,judging,,,,,,,,,,,,,,,,
661,,,,,,smile,,,,,,,,,,,,,,,,
662,,,,,,deck,,,,,,,,,,,,,,,,
663,,,,,,payoff,,,,,,,,,,,,,,,,
664,,,,,,smuggling,,,,,,,,,,,,,,,,
665,,,,,,favor,,,,,,,,,,,,,,,,
666,,,,,,payment,,,,,,,,,,,,,,,,
667,,,,,,engineer,,,,,,,,,,,,,,,,
668,,,,,,desk,,,,,,,,,,,,,,,,
669,,,,,,designer,,,,,,,,,,,,,,,,
670,,,,,,frame,,,,,,,,,,,,,,,,
671,,,,,,unit,,,,,,,,,,,,,,,,
672,,,,,,choice,,,,,,,,,,,,,,,,
673,,,,,,capacity,,,,,,,,,,,,,,,,
674,,,,,,model,,,,,,,,,,,,,,,,
675,,,,,,exposure,,,,,,,,,,,,,,,,
676,,,,,,kitchen,,,,,,,,,,,,,,,,
677,,,,,,Tomorrow,,,,,,,,,,,,,,,,
678,,,,,,thinking,,,,,,,,,,,,,,,,
679,,,,,,daydreaming,,,,,,,,,,,,,,,,
680,,,,,,father/husband,,,,,,,,,,,,,,,,
681,,,,,,quit,,,,,,,,,,,,,,,,
682,,,,,,leave,,,,,,,,,,,,,,,,
683,,,,,,intent,,,,,,,,,,,,,,,,
684,,,,,,lottery,,,,,,,,,,,,,,,,
685,,,,,,con,,,,,,,,,,,,,,,,
686,,,,,,artist,,,,,,,,,,,,,,,,
687,,,,,,knowing,,,,,,,,,,,,,,,,
688,,,,,,hustler,,,,,,,,,,,,,,,,
689,,,,,,out,,,,,,,,,,,,,,,,
690,,,,,,scenery,,,,,,,,,,,,,,,,
691,,,,,,stroll,,,,,,,,,,,,,,,,
692,,,,,,dinner,,,,,,,,,,,,,,,,
693,,,,,,restaurant,,,,,,,,,,,,,,,,
694,,,,,,center,,,,,,,,,,,,,,,,
695,,,,,,boss,,,,,,,,,,,,,,,,
696,,,,,,jeopardy,,,,,,,,,,,,,,,,
697,,,,,,rabid,,,,,,,,,,,,,,,,
698,,,,,,elixir,,,,,,,,,,,,,,,,
699,,,,,,grade,,,,,,,,,,,,,,,,
700,,,,,,radium,,,,,,,,,,,,,,,,
701,,,,,,glowing,,,,,,,,,,,,,,,,
702,,,,,,human,,,,,,,,,,,,,,,,
703,,,,,,drug,,,,,,,,,,,,,,,,
704,,,,,,boyfriend,,,,,,,,,,,,,,,,
705,,,,,,illumination,,,,,,,,,,,,,,,,
706,,,,,,race,,,,,,,,,,,,,,,,
707,,,,,,winner,,,,,,,,,,,,,,,,
708,,,,,,diagnosis,,,,,,,,,,,,,,,,
709,,,,,,accomplishment,,,,,,,,,,,,,,,,
710,,,,,,self-fulfillment,,,,,,,,,,,,,,,,
711,,,,,,circus,,,,,,,,,,,,,,,,
712,,,,,,act,,,,,,,,,,,,,,,,
713,,,,,,star,,,,,,,,,,,,,,,,
714,,,,,,performance,,,,,,,,,,,,,,,,
715,,,,,,start,,,,,,,,,,,,,,,,
716,,,,,,incident,,,,,,,,,,,,,,,,
717,,,,,,swing,,,,,,,,,,,,,,,,
718,,,,,,neck,,,,,,,,,,,,,,,,
719,,,,,,photo,,,,,,,,,,,,,,,,
720,,,,,,bedroom,,,,,,,,,,,,,,,,
721,,,,,,foreplay,,,,,,,,,,,,,,,,
722,,,,,,completion,,,,,,,,,,,,,,,,
723,,,,,,jump,,,,,,,,,,,,,,,,
724,,,,,,highlight,,,,,,,,,,,,,,,,
725,,,,,,fantasy,,,,,,,,,,,,,,,,
726,,,,,,phase,,,,,,,,,,,,,,,,
727,,,,,,diving,,,,,,,,,,,,,,,,
728,,,,,,sponge,,,,,,,,,,,,,,,,
729,,,,,,excitement,,,,,,,,,,,,,,,,
730,,,,,,existence,,,,,,,,,,,,,,,,
731,,,,,,connection,,,,,,,,,,,,,,,,
732,,,,,,dirty,,,,,,,,,,,,,,,,
733,,,,,,skill,,,,,,,,,,,,,,,,
734,,,,,,coordination,,,,,,,,,,,,,,,,
735,,,,,,horse,,,,,,,,,,,,,,,,
736,,,,,,trainer,,,,,,,,,,,,,,,,
737,,,,,,princess,,,,,,,,,,,,,,,,
738,,,,,,prize,,,,,,,,,,,,,,,,
739,,,,,,stable,,,,,,,,,,,,,,,,
740,,,,,,homeland,,,,,,,,,,,,,,,,
741,,,,,,agreement,,,,,,,,,,,,,,,,
742,,,,,,border,,,,,,,,,,,,,,,,
743,,,,,,collie,,,,,,,,,,,,,,,,
744,,,,,,drunken,,,,,,,,,,,,,,,,
745,,,,,,dad,,,,,,,,,,,,,,,,
746,,,,,,team,,,,,,,,,,,,,,,,
747,,,,,,barn,,,,,,,,,,,,,,,,
748,,,,,,story,,,,,,,,,,,,,,,,
749,,,,,,farm,,,,,,,,,,,,,,,,
750,,,,,,disgust,,,,,,,,,,,,,,,,
751,,,,,,house,,,,,,,,,,,,,,,,
752,,,,,,care,,,,,,,,,,,,,,,,
753,,,,,,grooming,,,,,,,,,,,,,,,,
754,,,,,,estate,,,,,,,,,,,,,,,,
755,,,,,,farming,,,,,,,,,,,,,,,,
756,,,,,,efficacy,,,,,,,,,,,,,,,,
757,,,,,,passing,,,,,,,,,,,,,,,,
758,,,,,,tradition,,,,,,,,,,,,,,,,
759,,,,,,countryside,,,,,,,,,,,,,,,,
760,,,,,,speaking,,,,,,,,,,,,,,,,
761,,,,,,crime,,,,,,,,,,,,,,,,
762,,,,,,hold,,,,,,,,,,,,,,,,
763,,,,,,death,,,,,,,,,,,,,,,,
764,,,,,,murderer,,,,,,,,,,,,,,,,
765,,,,,,crewman,,,,,,,,,,,,,,,,
766,,,,,,accident,,,,,,,,,,,,,,,,
767,,,,,,battleship,,,,,,,,,,,,,,,,
768,,,,,,mission,,,,,,,,,,,,,,,,
769,,,,,,detective,,,,,,,,,,,,,,,,
770,,,,,,theft,,,,,,,,,,,,,,,,
771,,,,,,thief,,,,,,,,,,,,,,,,
772,,,,,,interviewing,,,,,,,,,,,,,,,,
773,,,,,,trap,,,,,,,,,,,,,,,,
774,,,,,,diamond,,,,,,,,,,,,,,,,
775,,,,,,ring,,,,,,,,,,,,,,,,
776,,,,,,summer,,,,,,,,,,,,,,,,
777,,,,,,roundtrip,,,,,,,,,,,,,,,,
778,,,,,,weekend,,,,,,,,,,,,,,,,
779,,,,,,vacation,,,,,,,,,,,,,,,,
780,,,,,,stop,,,,,,,,,,,,,,,,
781,,,,,,ride,,,,,,,,,,,,,,,,
782,,,,,,coast,,,,,,,,,,,,,,,,
783,,,,,,ferry,,,,,,,,,,,,,,,,
784,,,,,,slow,,,,,,,,,,,,,,,,
785,,,,,,half,,,,,,,,,,,,,,,,
786,,,,,,Someone,,,,,,,,,,,,,,,,
787,,,,,,gold,,,,,,,,,,,,,,,,
788,,,,,,coin,,,,,,,,,,,,,,,,
789,,,,,,newspaper,,,,,,,,,,,,,,,,
790,,,,,,bowler,,,,,,,,,,,,,,,,
791,,,,,,band,,,,,,,,,,,,,,,,
792,,,,,,sweat,,,,,,,,,,,,,,,,
793,,,,,,cheek,,,,,,,,,,,,,,,,
794,,,,,,till,,,,,,,,,,,,,,,,
795,,,,,,car,,,,,,,,,,,,,,,,
796,,,,,,loot,,,,,,,,,,,,,,,,
797,,,,,,gruffly,,,,,,,,,,,,,,,,
798,,,,,,use,,,,,,,,,,,,,,,,
799,,,,,,inspection,,,,,,,,,,,,,,,,
800,,,,,,photograph,,,,,,,,,,,,,,,,
801,,,,,,advertising,,,,,,,,,,,,,,,,
802,,,,,,shape,,,,,,,,,,,,,,,,
803,,,,,,round,,,,,,,,,,,,,,,,
804,,,,,,pound,,,,,,,,,,,,,,,,
805,,,,,,telephone,,,,,,,,,,,,,,,,
806,,,,,,age,,,,,,,,,,,,,,,,
807,,,,,,break,,,,,,,,,,,,,,,,
808,,,,,,architect,,,,,,,,,,,,,,,,
809,,,,,,middle,,,,,,,,,,,,,,,,
810,,,,,,satisfaction,,,,,,,,,,,,,,,,
811,,,,,,distance,,,,,,,,,,,,,,,,
812,,,,,,Architect,,,,,,,,,,,,,,,,
813,,,,,,building,,,,,,,,,,,,,,,,
814,,,,,,committee,,,,,,,,,,,,,,,,
815,,,,,,pencil,,,,,,,,,,,,,,,,
816,,,,,,commute,,,,,,,,,,,,,,,,
817,,,,,,ulcer,,,,,,,,,,,,,,,,
818,,,,,,west,,,,,,,,,,,,,,,,
819,,,,,,scholarship,,,,,,,,,,,,,,,,
820,,,,,,youngest,,,,,,,,,,,,,,,,
821,,,,,,Tell,,,,,,,,,,,,,,,,
822,,,,,,itch,,,,,,,,,,,,,,,,
823,,,,,,haying,,,,,,,,,,,,,,,,
824,,,,,,dump,,,,,,,,,,,,,,,,
825,,,,,,tomorrow,,,,,,,,,,,,,,,,
826,,,,,,standing,,,,,,,,,,,,,,,,
827,,,,,,pine,,,,,,,,,,,,,,,,
828,,,,,,floor,,,,,,,,,,,,,,,,
829,,,,,,row,,,,,,,,,,,,,,,,
830,,,,,,civilization,,,,,,,,,,,,,,,,
831,,,,,,kiss,,,,,,,,,,,,,,,,
832,,,,,,bumpadedump,,,,,,,,,,,,,,,,
833,,,,,,invitation,,,,,,,,,,,,,,,,
834,,,,,,pizza,,,,,,,,,,,,,,,,
835,,,,,,shop,,,,,,,,,,,,,,,,
836,,,,,,o.k,,,,,,,,,,,,,,,,
837,,,,,,lunch,,,,,,,,,,,,,,,,
838,,,,,,yard,,,,,,,,,,,,,,,,
839,,,,,,climate,,,,,,,,,,,,,,,,
840,,,,,,catching,,,,,,,,,,,,,,,,
841,,,,,,zoos,,,,,,,,,,,,,,,,
842,,,,,,ok,,,,,,,,,,,,,,,,
843,,,,,,strength,,,,,,,,,,,,,,,,
844,,,,,,repertoire,,,,,,,,,,,,,,,,
845,,,,,,belief,,,,,,,,,,,,,,,,
846,,,,,,gene,,,,,,,,,,,,,,,,
847,,,,,,intensity,,,,,,,,,,,,,,,,
848,,,,,,partner,,,,,,,,,,,,,,,,
849,,,,,,perspective,,,,,,,,,,,,,,,,
850,,,,,,aware,,,,,,,,,,,,,,,,
851,,,,,,body,,,,,,,,,,,,,,,,
852,,,,,,awareness,,,,,,,,,,,,,,,,
853,,,,,,everyone,,,,,,,,,,,,,,,,
854,,,,,,sickness,,,,,,,,,,,,,,,,
855,,,,,,helpless,,,,,,,,,,,,,,,,
856,,,,,,heartworm,,,,,,,,,,,,,,,,
857,,,,,,twenty,,,,,,,,,,,,,,,,
858,,,,,,extraction,,,,,,,,,,,,,,,,
859,,,,,,glad,,,,,,,,,,,,,,,,
860,,,,,,stint,,,,,,,,,,,,,,,,
861,,,,,,ten,,,,,,,,,,,,,,,,
862,,,,,,troupe,,,,,,,,,,,,,,,,
863,,,,,,herself,,,,,,,,,,,,,,,,
864,,,,,,second,,,,,,,,,,,,,,,,
865,,,,,,back,,,,,,,,,,,,,,,,
866,,,,,,firma,,,,,,,,,,,,,,,,
867,,,,,,change,,,,,,,,,,,,,,,,
868,,,,,,self,,,,,,,,,,,,,,,,
869,,,,,,chancy,,,,,,,,,,,,,,,,
870,,,,,,action,,,,,,,,,,,,,,,,
871,,,,,,difficulty,,,,,,,,,,,,,,,,
872,,,,,,flashy,,,,,,,,,,,,,,,,
873,,,,,,trapeze,,,,,,,,,,,,,,,,
874,,,,,,meadow,,,,,,,,,,,,,,,,
875,,,,,,widower,,,,,,,,,,,,,,,,
876,,,,,,visit,,,,,,,,,,,,,,,,
877,,,,,,week,,,,,,,,,,,,,,,,
878,,,,,,sheep,,,,,,,,,,,,,,,,
879,,,,,,hill,,,,,,,,,,,,,,,,
880,,,,,,chew,,,,,,,,,,,,,,,,
881,,,,,,clover,,,,,,,,,,,,,,,,
882,,,,,,fun,,,,,,,,,,,,,,,,
883,,,,,,tonight,,,,,,,,,,,,,,,,
884,,,,,,jerk,,,,,,,,,,,,,,,,
885,,,,,,currying,,,,,,,,,,,,,,,,
886,,,,,,hurt,,,,,,,,,,,,,,,,
887,,,,,,nature,,,,,,,,,,,,,,,,
888,,,,,,stall,,,,,,,,,,,,,,,,
889,,,,,,rope,,,,,,,,,,,,,,,,
890,,,,,,farmer,,,,,,,,,,,,,,,,
891,,,,,,breeder,,,,,,,,,,,,,,,,
892,,,,,,advance,,,,,,,,,,,,,,,,
893,,,,,,flowering,,,,,,,,,,,,,,,,
894,,,,,,reawakening,,,,,,,,,,,,,,,,
895,,,,,,tea,,,,,,,,,,,,,,,,
896,,,,,,lead,,,,,,,,,,,,,,,,
897,,,,,,concern,,,,,,,,,,,,,,,,
898,,,,,,information,,,,,,,,,,,,,,,,
899,,,,,,publisher,,,,,,,,,,,,,,,,
900,,,,,,article,,,,,,,,,,,,,,,,
901,,,,,,Exasperation,,,,,,,,,,,,,,,,
902,,,,,,guilt,,,,,,,,,,,,,,,,
903,,,,,,bind,,,,,,,,,,,,,,,,
904,,,,,,card,,,,,,,,,,,,,,,,
905,,,,,,file,,,,,,,,,,,,,,,,
906,,,,,,search,,,,,,,,,,,,,,,,
907,,,,,,rolodex,,,,,,,,,,,,,,,,
908,,,,,,organization,,,,,,,,,,,,,,,,
909,,,,,,respond,,,,,,,,,,,,,,,,
910,,,,,,request,,,,,,,,,,,,,,,,
911,,,,,,clock,,,,,,,,,,,,,,,,
912,,,,,,cake,,,,,,,,,,,,,,,,
913,,,,,,baking,,,,,,,,,,,,,,,,
914,,,,,,oven,,,,,,,,,,,,,,,,
915,,,,,,secretary,,,,,,,,,,,,,,,,
916,,,,,,catastrophe,,,,,,,,,,,,,,,,
917,,,,,,overtime,,,,,,,,,,,,,,,,
918,,,,,,switch,,,,,,,,,,,,,,,,
919,,,,,,baby,,,,,,,,,,,,,,,,
920,,,,,,ankle,,,,,,,,,,,,,,,,
921,,,,,,forbidden,,,,,,,,,,,,,,,,
922,,,,,,up,,,,,,,,,,,,,,,,
923,,,,,,piece,,,,,,,,,,,,,,,,
924,,,,,,surprise,,,,,,,,,,,,,,,,
925,,,,,,mother,,,,,,,,,,,,,,,,
926,,,,,,sitter,,,,,,,,,,,,,,,,
927,,,,,,loving,,,,,,,,,,,,,,,,
928,,,,,,revenge,,,,,,,,,,,,,,,,
929,,,,,,attorney,,,,,,,,,,,,,,,,
930,,,,,,adultery,,,,,,,,,,,,,,,,
931,,,,,,settlement,,,,,,,,,,,,,,,,
932,,,,,,duck,,,,,,,,,,,,,,,,
933,,,,,,century-Maine,,,,,,,,,,,,,,,,
934,,,,,,name,,,,,,,,,,,,,,,,
935,,,,,,Fullsame,,,,,,,,,,,,,,,,
936,,,,,,introduction,,,,,,,,,,,,,,,,
937,,,,,,poetry,,,,,,,,,,,,,,,,
938,,,,,,assertion,,,,,,,,,,,,,,,,
939,,,,,,voice,,,,,,,,,,,,,,,,
940,,,,,,retirement,,,,,,,,,,,,,,,,
941,,,,,,bird,,,,,,,,,,,,,,,,
942,,,,,,mammal,,,,,,,,,,,,,,,,
943,,,,,,wildlife,,,,,,,,,,,,,,,,
944,,,,,,drive,,,,,,,,,,,,,,,,
945,,,,,,nesting,,,,,,,,,,,,,,,,
946,,,,,,shot,,,,,,,,,,,,,,,,
947,,,,,,grass,,,,,,,,,,,,,,,,
948,,,,,,waterfowl,,,,,,,,,,,,,,,,
949,,,,,,camera,,,,,,,,,,,,,,,,
950,,,,,,ready,,,,,,,,,,,,,,,,
951,,,,,,parent,,,,,,,,,,,,,,,,
952,,,,,,female,,,,,,,,,,,,,,,,
953,,,,,,while,,,,,,,,,,,,,,,,
954,,,,,,sanctuary,,,,,,,,,,,,,,,,
955,,,,,,season,,,,,,,,,,,,,,,,
956,,,,,,sex,,,,,,,,,,,,,,,,
957,,,,,,freedom,,,,,,,,,,,,,,,,
958,,,,,,zone,,,,,,,,,,,,,,,,
959,,,,,,photographer,,,,,,,,,,,,,,,,
960,,,,,,paper,,,,,,,,,,,,,,,,
961,,,,,,warden,,,,,,,,,,,,,,,,
962,,,,,,plant,,,,,,,,,,,,,,,,
963,,,,,,page,,,,,,,,,,,,,,,,
964,,,,,,color,,,,,,,,,,,,,,,,
965,,,,,,supplement,,,,,,,,,,,,,,,,
966,,,,,,gentian,,,,,,,,,,,,,,,,
967,,,,,,locale,,,,,,,,,,,,,,,,
968,,,,,,pub,,,,,,,,,,,,,,,,
969,,,,,,drink,,,,,,,,,,,,,,,,
970,,,,,,habitat,,,,,,,,,,,,,,,,
971,,,,,,hobby,,,,,,,,,,,,,,,,
972,,,,,,detail,,,,,,,,,,,,,,,,
973,,,,,,driving,,,,,,,,,,,,,,,,
974,,,,,,bunch,,,,,,,,,,,,,,,,
975,,,,,,chocolate,,,,,,,,,,,,,,,,
976,,,,,,courtroom,,,,,,,,,,,,,,,,
977,,,,,,citizen,,,,,,,,,,,,,,,,
978,,,,,,sentence,,,,,,,,,,,,,,,,
979,,,,,,sum,,,,,,,,,,,,,,,,
980,,,,,,argue,,,,,,,,,,,,,,,,
981,,,,,,employment,,,,,,,,,,,,,,,,
982,,,,,,defendant,,,,,,,,,,,,,,,,
983,,,,,,diplomat,,,,,,,,,,,,,,,,
984,,,,,,gov't,,,,,,,,,,,,,,,,
985,,,,,,careerist,,,,,,,,,,,,,,,,
986,,,,,,making,,,,,,,,,,,,,,,,
987,,,,,,hearing,,,,,,,,,,,,,,,,
988,,,,,,response,,,,,,,,,,,,,,,,
989,,,,,,statement,,,,,,,,,,,,,,,,
990,,,,,,chairman,,,,,,,,,,,,,,,,
991,,,,,,forth,,,,,,,,,,,,,,,,
992,,,,,,majority,,,,,,,,,,,,,,,,
993,,,,,,expression,,,,,,,,,,,,,,,,
994,,,,,,discussing,,,,,,,,,,,,,,,,
995,,,,,,policy,,,,,,,,,,,,,,,,
996,,,,,,present,,,,,,,,,,,,,,,,
997,,,,,,abortion,,,,,,,,,,,,,,,,
998,,,,,,famine,,,,,,,,,,,,,,,,
999,,,,,,hue,,,,,,,,,,,,,,,,
1000,,,,,,cry,,,,,,,,,,,,,,,,
1001,,,,,,politeness,,,,,,,,,,,,,,,,
1002,,,,,,speaker,,,,,,,,,,,,,,,,
1003,,,,,,speech,,,,,,,,,,,,,,,,
1004,,,,,,television,,,,,,,,,,,,,,,,
1005,,,,,,independence,,,,,,,,,,,,,,,,
1006,,,,,,conference,,,,,,,,,,,,,,,,
1007,,,,,,bald,,,,,,,,,,,,,,,,
1008,,,,,,spokesman,,,,,,,,,,,,,,,,
1009,,,,,,ministry,,,,,,,,,,,,,,,,
1010,,,,,,state,,,,,,,,,,,,,,,,
1011,,,,,,interpreter,,,,,,,,,,,,,,,,
1012,,,,,,union,,,,,,,,,,,,,,,,
1013,,,,,,threatening,,,,,,,,,,,,,,,,
1014,,,,,,banker,,,,,,,,,,,,,,,,
1015,,,,,,front,,,,,,,,,,,,,,,,
1016,,,,,,household,,,,,,,,,,,,,,,,
1017,,,,,,fortunate,,,,,,,,,,,,,,,,
1018,,,,,,amount,,,,,,,,,,,,,,,,
1019,,,,,,extent,,,,,,,,,,,,,,,,
1020,,,,,,laundry,,,,,,,,,,,,,,,,
1021,,,,,,pressing,,,,,,,,,,,,,,,,
1022,,,,,,blind,,,,,,,,,,,,,,,,
1023,,,,,,chatter,,,,,,,,,,,,,,,,
1024,,,,,,lawn,,,,,,,,,,,,,,,,
1025,,,,,,flower,,,,,,,,,,,,,,,,
1026,,,,,,mowing,,,,,,,,,,,,,,,,
1027,,,,,,mower,,,,,,,,,,,,,,,,
1028,,,,,,proud,,,,,,,,,,,,,,,,
1029,,,,,,peace,,,,,,,,,,,,,,,,
1030,,,,,,waist,,,,,,,,,,,,,,,,
1031,,,,,,lemonade,,,,,,,,,,,,,,,,
1032,,,,,,oak,,,,,,,,,,,,,,,,
1033,,,,,,backyard,,,,,,,,,,,,,,,,
1034,,,,,,handyman,,,,,,,,,,,,,,,,
1035,,,,,,welfare,,,,,,,,,,,,,,,,
1036,,,,,,assignment,,,,,,,,,,,,,,,,
1037,,,,,,advantage,,,,,,,,,,,,,,,,
1038,,,,,,crisp,,,,,,,,,,,,,,,,
1039,,,,,,chest,,,,,,,,,,,,,,,,
1040,,,,,,sunshine,,,,,,,,,,,,,,,,
1041,,,,,,potter,,,,,,,,,,,,,,,,
1042,,,,,,employee,,,,,,,,,,,,,,,,
1043,,,,,,program,,,,,,,,,,,,,,,,
1044,,,,,,gift,,,,,,,,,,,,,,,,
1045,,,,,,forever,,,,,,,,,,,,,,,,
1046,,,,,,compost,,,,,,,,,,,,,,,,
1047,,,,,,heap,,,,,,,,,,,,,,,,
1048,,,,,,environment,,,,,,,,,,,,,,,,
1049,,,,,,autumn,,,,,,,,,,,,,,,,
1050,,,,,,reticent,,,,,,,,,,,,,,,,
1051,,,,,,awkward,,,,,,,,,,,,,,,,
1052,,,,,,activity,,,,,,,,,,,,,,,,
1053,,,,,,wife/mother,,,,,,,,,,,,,,,,
1054,,,,,,birthday,,,,,,,,,,,,,,,,
1055,,,,,,menopausal,,,,,,,,,,,,,,,,
1056,,,,,,speed,,,,,,,,,,,,,,,,
1057,,,,,,route,,,,,,,,,,,,,,,,
1058,,,,,,Conversation,,,,,,,,,,,,,,,,
1059,,,,,,sail,,,,,,,,,,,,,,,,
1060,,,,,,proof,,,,,,,,,,,,,,,,
1061,,,,,,burglar,,,,,,,,,,,,,,,,
1062,,,,,,porthole,,,,,,,,,,,,,,,,
1063,,,,,,Sort,,,,,,,,,,,,,,,,
1064,,,,,,scenario,,,,,,,,,,,,,,,,
1065,,,,,,Captain,,,,,,,,,,,,,,,,
1066,,,,,,hat,,,,,,,,,,,,,,,,
1067,,,,,,unbeknownst,,,,,,,,,,,,,,,,
1068,,,,,,tail,,,,,,,,,,,,,,,,
1069,,,,,,goose,,,,,,,,,,,,,,,,
1070,,,,,,knit,,,,,,,,,,,,,,,,
1071,,,,,,purl,,,,,,,,,,,,,,,,
1072,,,,,,stitch,,,,,,,,,,,,,,,,
1073,,,,,,iris,,,,,,,,,,,,,,,,
1074,,,,,,pattern,,,,,,,,,,,,,,,,
1075,,,,,,ivory,,,,,,,,,,,,,,,,
1076,,,,,,purple,,,,,,,,,,,,,,,,
1077,,,,,,armhole,,,,,,,,,,,,,,,,
1078,,,,,,vest,,,,,,,,,,,,,,,,
1079,,,,,,glitter,,,,,,,,,,,,,,,,
1080,,,,,,hem,,,,,,,,,,,,,,,,
1081,,,,,,wise,,,,,,,,,,,,,,,,
1082,,,,,,draftsman,,,,,,,,,,,,,,,,
1083,,,,,,drafting,,,,,,,,,,,,,,,,
1084,,,,,,deep,,,,,,,,,,,,,,,,
1085,,,,,,decision,,,,,,,,,,,,,,,,
1086,,,,,,need,,,,,,,,,,,,,,,,
1087,,,,,,danger,,,,,,,,,,,,,,,,
1088,,,,,,movie,,,,,,,,,,,,,,,,
1089,,,,,,blackmailer,,,,,,,,,,,,,,,,
1090,,,,,,quiet,,,,,,,,,,,,,,,,
1091,,,,,,nerd,,,,,,,,,,,,,,,,
1092,,,,,,bother,,,,,,,,,,,,,,,,
1093,,,,,,exercise,,,,,,,,,,,,,,,,
1094,,,,,,schooling,,,,,,,,,,,,,,,,
1095,,,,,,speechless,,,,,,,,,,,,,,,,
1096,,,,,,ear,,,,,,,,,,,,,,,,
1097,,,,,,law,,,,,,,,,,,,,,,,
1098,,,,,,stick-in-the-mud,,,,,,,,,,,,,,,,
1099,,,,,,physicist,,,,,,,,,,,,,,,,
1100,,,,,,publicity,,,,,,,,,,,,,,,,
1101,,,,,,raise,,,,,,,,,,,,,,,,
1102,,,,,,backbone,,,,,,,,,,,,,,,,
1103,,,,,,contribution,,,,,,,,,,,,,,,,
1104,,,,,,step,,,,,,,,,,,,,,,,
1105,,,,,,truth,,,,,,,,,,,,,,,,
1106,,,,,,authority,,,,,,,,,,,,,,,,
1107,,,,,,Student,,,,,,,,,,,,,,,,
1108,,,,,,potential,,,,,,,,,,,,,,,,
1109,,,,,,carefully,,,,,,,,,,,,,,,,
1110,,,,,,threshold,,,,,,,,,,,,,,,,
1111,,,,,,winning,,,,,,,,,,,,,,,,
1112,,,,,,test-tube,,,,,,,,,,,,,,,,
1113,,,,,,antidote,,,,,,,,,,,,,,,,
1114,,,,,,narcissism,,,,,,,,,,,,,,,,
1115,,,,,,guess,,,,,,,,,,,,,,,,
1116,,,,,,mankind,,,,,,,,,,,,,,,,
1117,,,,,,destruction,,,,,,,,,,,,,,,,
1118,,,,,,imbalance,,,,,,,,,,,,,,,,
1119,,,,,,etc.,,,,,,,,,,,,,,,,
1120,,,,,,brain,,,,,,,,,,,,,,,,
1121,,,,,,thereby,,,,,,,,,,,,,,,,
1122,,,,,,contract,,,,,,,,,,,,,,,,
1123,,,,,,dispute,,,,,,,,,,,,,,,,
1124,,,,,,somersault,,,,,,,,,,,,,,,,
1125,,,,,,catcher,,,,,,,,,,,,,,,,
1126,,,,,,artiste,,,,,,,,,,,,,,,,
1127,,,,,,hair,,,,,,,,,,,,,,,,
1128,,,,,,orphan,,,,,,,,,,,,,,,,
1129,,,,,,fashion,,,,,,,,,,,,,,,,
1130,,,,,,attack,,,,,,,,,,,,,,,,
1131,,,,,,boring,,,,,,,,,,,,,,,,
1132,,,,,,gypsy,,,,,,,,,,,,,,,,
1133,,,,,,fair,,,,,,,,,,,,,,,,
1134,,,,,,carnival,,,,,,,,,,,,,,,,
1135,,,,,,cotton,,,,,,,,,,,,,,,,
1136,,,,,,candy,,,,,,,,,,,,,,,,
1137,,,,,,caramel,,,,,,,,,,,,,,,,
1138,,,,,,bow,,,,,,,,,,,,,,,,
1139,,,,,,cheese,,,,,,,,,,,,,,,,
1140,,,,,,Tonight,,,,,,,,,,,,,,,,
1141,,,,,,public,,,,,,,,,,,,,,,,
1142,,,,,,spin,,,,,,,,,,,,,,,,
1143,,,,,,riding,,,,,,,,,,,,,,,,
1144,,,,,,rain,,,,,,,,,,,,,,,,
1145,,,,,,draft,,,,,,,,,,,,,,,,
1146,,,,,,superb,,,,,,,,,,,,,,,,
1147,,,,,,mountain,,,,,,,,,,,,,,,,
1148,,,,,,freer,,,,,,,,,,,,,,,,
1149,,,,,,schedule,,,,,,,,,,,,,,,,
1150,,,,,,virtue,,,,,,,,,,,,,,,,
1151,,,,,,travel,,,,,,,,,,,,,,,,
1152,,,,,,box,,,,,,,,,,,,,,,,
1153,,,,,,century,,,,,,,,,,,,,,,,
1154,,,,,,exchange,,,,,,,,,,,,,,,,
1155,,,,,,fond,,,,,,,,,,,,,,,,
1156,,,,,,language,,,,,,,,,,,,,,,,
1157,,,,,,barrier,,,,,,,,,,,,,,,,
1158,,,,,,court,,,,,,,,,,,,,,,,
1159,,,,,,walking,,,,,,,,,,,,,,,,
1160,,,,,,grape,,,,,,,,,,,,,,,,
1161,,,,,,harvest,,,,,,,,,,,,,,,,
1162,,,,,,maple,,,,,,,,,,,,,,,,
1163,,,,,,tree,,,,,,,,,,,,,,,,
